,Features,Weights,F-Statistics,P-Value,Intercept
0,X1 transaction date,1.5015736825791572,6.919085462755375,0.009,44.61663897950279
1,X2 house age,-3.525427207494582,55.02176861923022,0.0,0.0
2,X3 distance to the nearest MRT station,-3.657203429794338,52.50655879824372,0.0,0.0
3,X4 number of convenience stores,0.31376522452297895,19.03708705884362,0.0,0.0
4,X5 latitude,2.4728622727306298,6.960891045659177,0.009,0.0
5,X6 longitude,1.3351896940873555,9.642903712647877,0.002,0.0
